{"init_params": {"cat_dims": [], "cat_emb_dim": [], "cat_idxs": [], "clip_value": 1, "device_name": "cpu", "epsilon": 1e-15, "gamma": 1.7111039914098805, "grouped_features": [], "input_dim": 90, "lambda_sparse": 0.00024137154945623953, "mask_type": "entmax", "momentum": 0.02, "n_a": 32, "n_d": 32, "n_indep_decoder": 1, "n_independent": 2, "n_shared": 2, "n_shared_decoder": 1, "n_steps": 5, "optimizer_params": {"lr": 0.0035177974693979767}, "output_dim": 2, "scheduler_fn": null, "scheduler_params": {}, "seed": 0, "verbose": 1}, "class_attrs": {"preds_mapper": {"0": 0, "1": 1}}}